,Brand,Date,Sales
0,TOYOTA,2018-01-01,40726.0
1,DAIHATSU,2018-01-01,18803.0
2,MITSUBISHI MOTORS,2018-01-01,15915.0
3,HONDA,2018-01-01,16287.0
4,SUZUKI,2018-01-01,10818.0
5,MITSUBISHI FUSO,2018-01-01,4803.0
6,HINO,2018-01-01,3264.0
7,ISUZU,2018-01-01,1683.0
8,WULING,2018-01-01,836.0
9,DATSUN,2018-01-01,2372.0
10,HYUNDAI (PC),2018-01-01,330.0
11,NISSAN,2018-01-01,192.0
12,B M W,2018-01-01,360.0
13,DFSK,2018-01-01,70.0
14,UD TRUCK,2018-01-01,143.0
15,RENAULT,2018-01-01,35.0
16,MINI,2018-01-01,
17,FAW,2018-01-01,20.0
18,VOLKSWAGEN,2018-01-01,
19,SCANIA,2018-01-01,
20,AUDI,2018-01-01,
21,BRAND,2018-01-01,
22,TOYOTA,2018-02-01,39756.0
23,DAIHATSU,2018-02-01,15453.0
24,MITSUBISHI MOTORS,2018-02-01,12355.0
25,HONDA,2018-02-01,9361.0
26,SUZUKI,2018-02-01,10937.0
27,MITSUBISHI FUSO,2018-02-01,4527.0
28,HINO,2018-02-01,3441.0
29,ISUZU,2018-02-01,2000.0
30,WULING,2018-02-01,1341.0
31,DATSUN,2018-02-01,149.0
32,HYUNDAI (PC),2018-02-01,308.0
33,NISSAN,2018-02-01,539.0
34,B M W,2018-02-01,355.0
35,DFSK,2018-02-01,80.0
36,UD TRUCK,2018-02-01,105.0
37,RENAULT,2018-02-01,51.0
38,MINI,2018-02-01,
39,FAW,2018-02-01,
40,VOLKSWAGEN,2018-02-01,
41,SCANIA,2018-02-01,
42,AUDI,2018-02-01,
43,BRAND,2018-02-01,
44,TOYOTA,2018-03-01,44060.0
45,DAIHATSU,2018-03-01,16988.0
46,MITSUBISHI MOTORS,2018-03-01,12362.0
47,HONDA,2018-03-01,9695.0
48,SUZUKI,2018-03-01,12061.0
49,MITSUBISHI FUSO,2018-03-01,5180.0
50,HINO,2018-03-01,3936.0
51,ISUZU,2018-03-01,1955.0
52,WULING,2018-03-01,1487.0
53,DATSUN,2018-03-01,3517.0
54,HYUNDAI (PC),2018-03-01,314.0
55,NISSAN,2018-03-01,661.0
56,B M W,2018-03-01,266.0
57,DFSK,2018-03-01,29.0
58,UD TRUCK,2018-03-01,156.0
59,RENAULT,2018-03-01,2.0
60,MINI,2018-03-01,
61,FAW,2018-03-01,10.0
62,VOLKSWAGEN,2018-03-01,
63,SCANIA,2018-03-01,
64,AUDI,2018-03-01,
65,BRAND,2018-03-01,
66,TOYOTA,2018-04-01,47035.0
67,DAIHATSU,2018-04-01,18799.0
68,MITSUBISHI MOTORS,2018-04-01,11092.0
69,HONDA,2018-04-01,16170.0
70,SUZUKI,2018-04-01,9459.0
71,MITSUBISHI FUSO,2018-04-01,5304.0
72,HINO,2018-04-01,3381.0
73,ISUZU,2018-04-01,2649.0
74,WULING,2018-04-01,2110.0
75,DATSUN,2018-04-01,1613.0
76,HYUNDAI (PC),2018-04-01,253.0
77,NISSAN,2018-04-01,688.0
78,B M W,2018-04-01,202.0
79,DFSK,2018-04-01,152.0
80,UD TRUCK,2018-04-01,182.0
81,RENAULT,2018-04-01,49.0
82,MINI,2018-04-01,54.0
83,FAW,2018-04-01,14.0
84,VOLKSWAGEN,2018-04-01,
85,SCANIA,2018-04-01,
86,AUDI,2018-04-01,
87,BRAND,2018-04-01,
88,TOYOTA,2018-05-01,43544.0
89,DAIHATSU,2018-05-01,17664.0
90,MITSUBISHI MOTORS,2018-05-01,12324.0
91,HONDA,2018-05-01,14549.0
92,SUZUKI,2018-05-01,11662.0
93,MITSUBISHI FUSO,2018-05-01,4848.0
94,HINO,2018-05-01,3672.0
95,ISUZU,2018-05-01,2171.0
96,WULING,2018-05-01,1817.0
97,DATSUN,2018-05-01,1021.0
98,HYUNDAI (PC),2018-05-01,296.0
99,NISSAN,2018-05-01,416.0
100,B M W,2018-05-01,247.0
101,DFSK,2018-05-01,242.0
102,UD TRUCK,2018-05-01,153.0
103,RENAULT,2018-05-01,
104,MINI,2018-05-01,41.0
105,FAW,2018-05-01,40.0
106,VOLKSWAGEN,2018-05-01,
107,SCANIA,2018-05-01,
108,AUDI,2018-05-01,
109,BRAND,2018-05-01,
110,TOYOTA,2018-06-01,30570.0
111,DAIHATSU,2018-06-01,6639.0
112,MITSUBISHI MOTORS,2018-06-01,7558.0
113,HONDA,2018-06-01,7043.0
114,SUZUKI,2018-06-01,8244.0
115,MITSUBISHI FUSO,2018-06-01,4152.0
116,HINO,2018-06-01,2195.0
117,ISUZU,2018-06-01,1382.0
118,WULING,2018-06-01,1126.0
119,DATSUN,2018-06-01,509.0
120,HYUNDAI (PC),2018-06-01,133.0
121,NISSAN,2018-06-01,84.0
122,B M W,2018-06-01,111.0
123,DFSK,2018-06-01,142.0
124,UD TRUCK,2018-06-01,107.0
125,RENAULT,2018-06-01,
126,MINI,2018-06-01,2.0
127,FAW,2018-06-01,
128,VOLKSWAGEN,2018-06-01,
129,SCANIA,2018-06-01,
130,AUDI,2018-06-01,
131,BRAND,2018-06-01,
132,TOYOTA,2018-07-01,51774.0
133,DAIHATSU,2018-07-01,17790.0
134,MITSUBISHI MOTORS,2018-07-01,16380.0
135,HONDA,2018-07-01,14778.0
136,SUZUKI,2018-07-01,13775.0
137,MITSUBISHI FUSO,2018-07-01,5136.0
138,HINO,2018-07-01,4345.0
139,ISUZU,2018-07-01,2466.0
140,WULING,2018-07-01,1786.0
141,DATSUN,2018-07-01,773.0
142,HYUNDAI (PC),2018-07-01,176.0
143,NISSAN,2018-07-01,48.0
144,B M W,2018-07-01,319.0
145,DFSK,2018-07-01,556.0
146,UD TRUCK,2018-07-01,157.0
147,RENAULT,2018-07-01,
148,MINI,2018-07-01,1.0
149,FAW,2018-07-01,
150,VOLKSWAGEN,2018-07-01,
151,SCANIA,2018-07-01,
152,AUDI,2018-07-01,
153,BRAND,2018-07-01,
154,TOYOTA,2018-08-01,48811.0
155,DAIHATSU,2018-08-01,17382.0
156,MITSUBISHI MOTORS,2018-08-01,15099.0
157,HONDA,2018-08-01,14474.0
158,SUZUKI,2018-08-01,10108.0
159,MITSUBISHI FUSO,2018-08-01,4944.0
160,HINO,2018-08-01,3634.0
161,ISUZU,2018-08-01,1906.0
162,WULING,2018-08-01,1270.0
163,DATSUN,2018-08-01,350.0
164,HYUNDAI (PC),2018-08-01,203.0
165,NISSAN,2018-08-01,204.0
166,B M W,2018-08-01,282.0
167,DFSK,2018-08-01,
168,UD TRUCK,2018-08-01,188.0
169,RENAULT,2018-08-01,
170,MINI,2018-08-01,
171,FAW,2018-08-01,
172,VOLKSWAGEN,2018-08-01,
173,SCANIA,2018-08-01,
174,AUDI,2018-08-01,
175,BRAND,2018-08-01,
176,TOYOTA,2018-09-01,44441.0
177,DAIHATSU,2018-09-01,17041.0
178,MITSUBISHI MOTORS,2018-09-01,15588.0
179,HONDA,2018-09-01,12382.0
180,SUZUKI,2018-09-01,10190.0
181,MITSUBISHI FUSO,2018-09-01,4020.0
182,HINO,2018-09-01,3502.0
183,ISUZU,2018-09-01,1977.0
184,WULING,2018-09-01,1707.0
185,DATSUN,2018-09-01,396.0
186,HYUNDAI (PC),2018-09-01,344.0
187,NISSAN,2018-09-01,192.0
188,B M W,2018-09-01,254.0
189,DFSK,2018-09-01,243.0
190,UD TRUCK,2018-09-01,174.0
191,RENAULT,2018-09-01,
192,MINI,2018-09-01,22.0
193,FAW,2018-09-01,
194,VOLKSWAGEN,2018-09-01,
195,SCANIA,2018-09-01,
196,AUDI,2018-09-01,
197,BRAND,2018-09-01,
198,TOYOTA,2018-10-01,53260.0
199,DAIHATSU,2018-10-01,21029.0
200,MITSUBISHI MOTORS,2018-10-01,17269.0
201,HONDA,2018-10-01,15986.0
202,SUZUKI,2018-10-01,10596.0
203,MITSUBISHI FUSO,2018-10-01,3492.0
204,HINO,2018-10-01,4456.0
205,ISUZU,2018-10-01,2641.0
206,WULING,2018-10-01,1409.0
207,DATSUN,2018-10-01,440.0
208,HYUNDAI (PC),2018-10-01,474.0
209,NISSAN,2018-10-01,216.0
210,B M W,2018-10-01,293.0
211,DFSK,2018-10-01,94.0
212,UD TRUCK,2018-10-01,196.0
213,RENAULT,2018-10-01,
214,MINI,2018-10-01,2.0
215,FAW,2018-10-01,
216,VOLKSWAGEN,2018-10-01,
217,SCANIA,2018-10-01,
218,AUDI,2018-10-01,
219,BRAND,2018-10-01,
220,TOYOTA,2018-11-01,47568.0
221,DAIHATSU,2018-11-01,17601.0
222,MITSUBISHI MOTORS,2018-11-01,16069.0
223,HONDA,2018-11-01,15076.0
224,SUZUKI,2018-11-01,8083.0
225,MITSUBISHI FUSO,2018-11-01,4062.0
226,HINO,2018-11-01,4142.0
227,ISUZU,2018-11-01,2713.0
228,WULING,2018-11-01,885.0
229,DATSUN,2018-11-01,520.0
230,HYUNDAI (PC),2018-11-01,385.0
231,NISSAN,2018-11-01,96.0
232,B M W,2018-11-01,197.0
233,DFSK,2018-11-01,170.0
234,UD TRUCK,2018-11-01,201.0
235,RENAULT,2018-11-01,
236,MINI,2018-11-01,29.0
237,FAW,2018-11-01,
238,VOLKSWAGEN,2018-11-01,
239,SCANIA,2018-11-01,
240,AUDI,2018-11-01,
241,BRAND,2018-11-01,
242,TOYOTA,2018-12-01,40028.0
243,DAIHATSU,2018-12-01,16198.0
244,MITSUBISHI MOTORS,2018-12-01,12096.0
245,HONDA,2018-12-01,10820.0
246,SUZUKI,2018-12-01,8261.0
247,MITSUBISHI FUSO,2018-12-01,3212.0
248,HINO,2018-12-01,3631.0
249,ISUZU,2018-12-01,2508.0
250,WULING,2018-12-01,372.0
251,DATSUN,2018-12-01,180.0
252,HYUNDAI (PC),2018-12-01,304.0
253,NISSAN,2018-12-01,132.0
254,B M W,2018-12-01,241.0
255,DFSK,2018-12-01,253.0
256,UD TRUCK,2018-12-01,206.0
257,RENAULT,2018-12-01,
258,MINI,2018-12-01,19.0
259,FAW,2018-12-01,
260,VOLKSWAGEN,2018-12-01,
261,SCANIA,2018-12-01,
262,AUDI,2018-12-01,
263,BRAND,2018-12-01,
264,DAIHATSU,2019-01-01,6130.0
265,TOYOTA,2019-01-01,7575.0
266,MITSUBISHI MOTORS,2019-01-01,
267,SUZUKI,2019-01-01,4539.0
268,HINO,2019-01-01,165.0
269,HYUNDAI (PC),2019-01-01,302.0
270,DFSK,2019-01-01,
271,NISSAN,2019-01-01,
272,HONDA,2019-01-01,
273,DATSUN,2019-01-01,
274,TOYOTA,2019-01-01,3130.0
275,SUZUKI,2019-01-01,2568.0
276,HONDA,2019-01-01,
277,DFSK,2019-01-01,
278,HINO,2019-01-01,
279,ISUZU,2019-01-01,
280,MITSUBISHI FUSO,2019-01-01,
281,NISSAN,2019-01-01,
282,TOYOTA,2019-01-01,6503497.0
283,HINO,2019-01-01,9365.0
284,SUZUKI,2019-01-01,53621.0
285,HONDA,2019-01-01,53999.0
286,ISUZU,2019-01-01,
287,BRAND,2019-01-01,
288,DAIHATSU,2019-02-01,6757.0
289,TOYOTA,2019-02-01,7253.0
290,MITSUBISHI MOTORS,2019-02-01,
291,SUZUKI,2019-02-01,3484.0
292,HINO,2019-02-01,215.0
293,HYUNDAI (PC),2019-02-01,241.0
294,DFSK,2019-02-01,
295,NISSAN,2019-02-01,
296,HONDA,2019-02-01,
297,DATSUN,2019-02-01,
298,TOYOTA,2019-02-01,3160.0
299,SUZUKI,2019-02-01,2664.0
300,HONDA,2019-02-01,2.0
301,DFSK,2019-02-01,
302,HINO,2019-02-01,
303,ISUZU,2019-02-01,
304,MITSUBISHI FUSO,2019-02-01,
305,NISSAN,2019-02-01,
306,TOYOTA,2019-02-01,6266834.0
307,HINO,2019-02-01,64670.0
308,SUZUKI,2019-02-01,36337.0
309,HONDA,2019-02-01,53352.0
310,ISUZU,2019-02-01,
311,BRAND,2019-02-01,
312,DAIHATSU,2019-03-01,8795.0
313,TOYOTA,2019-03-01,8455.0
314,MITSUBISHI MOTORS,2019-03-01,
315,SUZUKI,2019-03-01,1936.0
316,HINO,2019-03-01,230.0
317,HYUNDAI (PC),2019-03-01,160.0
318,DFSK,2019-03-01,
319,NISSAN,2019-03-01,
320,HONDA,2019-03-01,
321,DATSUN,2019-03-01,
322,TOYOTA,2019-03-01,3940.0
323,SUZUKI,2019-03-01,3624.0
324,HONDA,2019-03-01,2.0
325,DFSK,2019-03-01,
326,HINO,2019-03-01,
327,ISUZU,2019-03-01,
328,MITSUBISHI FUSO,2019-03-01,
329,NISSAN,2019-03-01,
330,TOYOTA,2019-03-01,7365659.0
331,HINO,2019-03-01,54958.0
332,SUZUKI,2019-03-01,36032.0
333,HONDA,2019-03-01,76096.0
334,ISUZU,2019-03-01,
335,BRAND,2019-03-01,
336,DAIHATSU,2019-04-01,8490.0
337,TOYOTA,2019-04-01,9678.0
338,MITSUBISHI MOTORS,2019-04-01,345.0
339,SUZUKI,2019-04-01,2586.0
340,HINO,2019-04-01,220.0
341,HYUNDAI (PC),2019-04-01,81.0
342,DFSK,2019-04-01,
343,NISSAN,2019-04-01,
344,HONDA,2019-04-01,
345,DATSUN,2019-04-01,
346,TOYOTA,2019-04-01,4300.0
347,SUZUKI,2019-04-01,3288.0
348,HONDA,2019-04-01,7.0
349,DFSK,2019-04-01,
350,HINO,2019-04-01,
351,ISUZU,2019-04-01,
352,MITSUBISHI FUSO,2019-04-01,
353,NISSAN,2019-04-01,
354,TOYOTA,2019-04-01,6604933.0
355,HINO,2019-04-01,82689.0
356,SUZUKI,2019-04-01,42411.0
357,HONDA,2019-04-01,59042.0
358,ISUZU,2019-04-01,
359,BRAND,2019-04-01,
360,DAIHATSU,2019-05-01,9917.0
361,TOYOTA,2019-05-01,7178.0
362,MITSUBISHI MOTORS,2019-05-01,1355.0
363,SUZUKI,2019-05-01,1219.0
364,HINO,2019-05-01,215.0
365,HYUNDAI (PC),2019-05-01,240.0
366,DFSK,2019-05-01,
367,NISSAN,2019-05-01,
368,HONDA,2019-05-01,
369,DATSUN,2019-05-01,
370,TOYOTA,2019-05-01,4020.0
371,SUZUKI,2019-05-01,3120.0
372,HONDA,2019-05-01,17.0
373,DFSK,2019-05-01,
374,HINO,2019-05-01,
375,ISUZU,2019-05-01,
376,MITSUBISHI FUSO,2019-05-01,
377,NISSAN,2019-05-01,
378,TOYOTA,2019-05-01,7465652.0
379,HINO,2019-05-01,80302.0
380,SUZUKI,2019-05-01,48401.0
381,HONDA,2019-05-01,60993.0
382,ISUZU,2019-05-01,
383,BRAND,2019-05-01,
384,DAIHATSU,2019-06-01,8419.0
385,TOYOTA,2019-06-01,4650.0
386,MITSUBISHI MOTORS,2019-06-01,567.0
387,SUZUKI,2019-06-01,715.0
388,HINO,2019-06-01,160.0
389,HYUNDAI (PC),2019-06-01,131.0
390,DFSK,2019-06-01,
391,NISSAN,2019-06-01,
392,HONDA,2019-06-01,
393,DATSUN,2019-06-01,
394,TOYOTA,2019-06-01,2490.0
395,SUZUKI,2019-06-01,2016.0
396,HONDA,2019-06-01,
397,DFSK,2019-06-01,
398,HINO,2019-06-01,
399,ISUZU,2019-06-01,
400,MITSUBISHI FUSO,2019-06-01,
401,NISSAN,2019-06-01,
402,TOYOTA,2019-06-01,5492374.0
403,HINO,2019-06-01,82627.0
404,SUZUKI,2019-06-01,29430.0
405,HONDA,2019-06-01,25080.0
406,ISUZU,2019-06-01,
407,BRAND,2019-06-01,
408,DAIHATSU,2019-07-01,11130.0
409,TOYOTA,2019-07-01,10368.0
410,MITSUBISHI MOTORS,2019-07-01,2291.0
411,SUZUKI,2019-07-01,965.0
412,HINO,2019-07-01,235.0
413,HYUNDAI (PC),2019-07-01,170.0
414,DFSK,2019-07-01,
415,NISSAN,2019-07-01,
416,HONDA,2019-07-01,
417,DATSUN,2019-07-01,
418,TOYOTA,2019-07-01,4250.0
419,SUZUKI,2019-07-01,4560.0
420,HONDA,2019-07-01,2.0
421,DFSK,2019-07-01,
422,HINO,2019-07-01,
423,ISUZU,2019-07-01,
424,MITSUBISHI FUSO,2019-07-01,
425,NISSAN,2019-07-01,
426,TOYOTA,2019-07-01,9050531.0
427,HINO,2019-07-01,109143.0
428,SUZUKI,2019-07-01,60870.0
429,HONDA,2019-07-01,77590.0
430,ISUZU,2019-07-01,
431,BRAND,2019-07-01,
432,DAIHATSU,2019-08-01,11345.0
433,TOYOTA,2019-08-01,7424.0
434,MITSUBISHI MOTORS,2019-08-01,3735.0
435,SUZUKI,2019-08-01,590.0
436,HINO,2019-08-01,345.0
437,HYUNDAI (PC),2019-08-01,120.0
438,DFSK,2019-08-01,
439,NISSAN,2019-08-01,
440,HONDA,2019-08-01,
441,DATSUN,2019-08-01,
442,TOYOTA,2019-08-01,3520.0
443,SUZUKI,2019-08-01,3576.0
444,HONDA,2019-08-01,9.0
445,DFSK,2019-08-01,
446,HINO,2019-08-01,
447,ISUZU,2019-08-01,
448,MITSUBISHI FUSO,2019-08-01,
449,NISSAN,2019-08-01,
450,TOYOTA,2019-08-01,6902412.0
451,HINO,2019-08-01,98513.0
452,SUZUKI,2019-08-01,120761.0
453,HONDA,2019-08-01,47702.0
454,ISUZU,2019-08-01,
455,BRAND,2019-08-01,
456,DAIHATSU,2019-09-01,13404.0
457,TOYOTA,2019-09-01,6550.0
458,MITSUBISHI MOTORS,2019-09-01,3968.0
459,SUZUKI,2019-09-01,2168.0
460,HINO,2019-09-01,270.0
461,HYUNDAI (PC),2019-09-01,272.0
462,DFSK,2019-09-01,
463,NISSAN,2019-09-01,
464,HONDA,2019-09-01,
465,DATSUN,2019-09-01,
466,TOYOTA,2019-09-01,3230.0
467,SUZUKI,2019-09-01,3504.0
468,HONDA,2019-09-01,9.0
469,DFSK,2019-09-01,
470,HINO,2019-09-01,
471,ISUZU,2019-09-01,
472,MITSUBISHI FUSO,2019-09-01,
473,NISSAN,2019-09-01,
474,TOYOTA,2019-09-01,7316109.0
475,HINO,2019-09-01,73042.0
476,SUZUKI,2019-09-01,112401.0
477,HONDA,2019-09-01,61144.0
478,ISUZU,2019-09-01,
479,BRAND,2019-09-01,
480,DAIHATSU,2019-10-01,12004.0
481,TOYOTA,2019-10-01,6575.0
482,MITSUBISHI MOTORS,2019-10-01,5198.0
483,SUZUKI,2019-10-01,2423.0
484,HINO,2019-10-01,370.0
485,HYUNDAI (PC),2019-10-01,420.0
486,DFSK,2019-10-01,
487,NISSAN,2019-10-01,
488,HONDA,2019-10-01,
489,DATSUN,2019-10-01,
490,TOYOTA,2019-10-01,3610.0
491,SUZUKI,2019-10-01,3648.0
492,HONDA,2019-10-01,5.0
493,DFSK,2019-10-01,
494,HINO,2019-10-01,
495,ISUZU,2019-10-01,
496,MITSUBISHI FUSO,2019-10-01,
497,NISSAN,2019-10-01,
498,TOYOTA,2019-10-01,7106853.0
499,HINO,2019-10-01,90185.0
500,SUZUKI,2019-10-01,138217.0
501,HONDA,2019-10-01,67030.0
502,ISUZU,2019-10-01,
503,BRAND,2019-10-01,
504,DAIHATSU,2019-11-01,10005.0
505,TOYOTA,2019-11-01,7294.0
506,MITSUBISHI MOTORS,2019-11-01,4879.0
507,SUZUKI,2019-11-01,2180.0
508,HINO,2019-11-01,171.0
509,HYUNDAI (PC),2019-11-01,330.0
510,DFSK,2019-11-01,
511,NISSAN,2019-11-01,
512,HONDA,2019-11-01,
513,DATSUN,2019-11-01,
514,TOYOTA,2019-11-01,3720.0
515,SUZUKI,2019-11-01,3436.0
516,HONDA,2019-11-01,5.0
517,DFSK,2019-11-01,
518,HINO,2019-11-01,
519,ISUZU,2019-11-01,
520,MITSUBISHI FUSO,2019-11-01,
521,NISSAN,2019-11-01,
522,TOYOTA,2019-11-01,7084511.0
523,HINO,2019-11-01,82817.0
524,SUZUKI,2019-11-01,85789.0
525,HONDA,2019-11-01,48578.0
526,ISUZU,2019-11-01,
527,BRAND,2019-11-01,
528,DAIHATSU,2019-12-01,10786.0
529,TOYOTA,2019-12-01,6627.0
530,MITSUBISHI MOTORS,2019-12-01,5004.0
531,SUZUKI,2019-12-01,2119.0
532,HINO,2019-12-01,144.0
533,HYUNDAI (PC),2019-12-01,270.0
534,DFSK,2019-12-01,1.0
535,NISSAN,2019-12-01,
536,HONDA,2019-12-01,
537,DATSUN,2019-12-01,
538,TOYOTA,2019-12-01,3650.0
539,SUZUKI,2019-12-01,2940.0
540,HONDA,2019-12-01,
541,DFSK,2019-12-01,6.0
542,HINO,2019-12-01,
543,ISUZU,2019-12-01,
544,MITSUBISHI FUSO,2019-12-01,
545,NISSAN,2019-12-01,
546,TOYOTA,2019-12-01,6952126.0
547,HINO,2019-12-01,121914.0
548,SUZUKI,2019-12-01,116574.0
549,HONDA,2019-12-01,58706.0
550,ISUZU,2019-12-01,
551,BRAND,2019-12-01,
552,TOYOTA,2020-01-01,40834.0
553,MITSUBISHI MOTORS,2020-01-01,19054.0
554,DAIHATSU,2020-01-01,14670.0
555,HONDA,2020-01-01,10842.0
556,SUZUKI,2020-01-01,7399.0
557,MITSUBISHI FUSO,2020-01-01,5013.0
558,HINO,2020-01-01,3656.0
559,WULING,2020-01-01,1368.0
560,ISUZU,2020-01-01,2201.0
561,DATSUN,2020-01-01,298.0
562,DFSK,2020-01-01,24.0
563,HYUNDAI (PC),2020-01-01,380.0
564,B M W,2020-01-01,156.0
565,UD TRUCK,2020-01-01,214.0
566,MERCEDES-BENZ PC,2020-01-01,
567,MINI,2020-01-01,2.0
568,NISSAN,2020-01-01,180.0
569,RENAULT,2020-01-01,
570,FAW,2020-01-01,
571,VOLKSWAGEN,2020-01-01,
572,SCANIA,2020-01-01,
573,AUDI,2020-01-01,
574,BRAND,2020-01-01,
575,TOYOTA,2020-02-01,35370.0
576,MITSUBISHI MOTORS,2020-02-01,15758.0
577,DAIHATSU,2020-02-01,16158.0
578,HONDA,2020-02-01,9207.0
579,SUZUKI,2020-02-01,5210.0
580,MITSUBISHI FUSO,2020-02-01,4596.0
581,HINO,2020-02-01,3583.0
582,WULING,2020-02-01,1207.0
583,ISUZU,2020-02-01,2421.0
584,DATSUN,2020-02-01,765.0
585,DFSK,2020-02-01,143.0
586,HYUNDAI (PC),2020-02-01,379.0
587,B M W,2020-02-01,107.0
588,UD TRUCK,2020-02-01,160.0
589,MERCEDES-BENZ PC,2020-02-01,
590,MINI,2020-02-01,40.0
591,NISSAN,2020-02-01,
592,RENAULT,2020-02-01,
593,FAW,2020-02-01,
594,VOLKSWAGEN,2020-02-01,
595,SCANIA,2020-02-01,
596,AUDI,2020-02-01,
597,BRAND,2020-02-01,
598,TOYOTA,2020-03-01,41806.0
599,MITSUBISHI MOTORS,2020-03-01,16645.0
600,DAIHATSU,2020-03-01,19451.0
601,HONDA,2020-03-01,10188.0
602,SUZUKI,2020-03-01,13114.0
603,MITSUBISHI FUSO,2020-03-01,4344.0
604,HINO,2020-03-01,3117.0
605,WULING,2020-03-01,1142.0
606,ISUZU,2020-03-01,2494.0
607,DATSUN,2020-03-01,645.0
608,DFSK,2020-03-01,170.0
609,HYUNDAI (PC),2020-03-01,367.0
610,B M W,2020-03-01,128.0
611,UD TRUCK,2020-03-01,163.0
612,MERCEDES-BENZ PC,2020-03-01,
613,MINI,2020-03-01,29.0
614,NISSAN,2020-03-01,
615,RENAULT,2020-03-01,
616,FAW,2020-03-01,
617,VOLKSWAGEN,2020-03-01,
618,SCANIA,2020-03-01,
619,AUDI,2020-03-01,
620,BRAND,2020-03-01,
621,TOYOTA,2020-04-01,44078.0
622,MITSUBISHI MOTORS,2020-04-01,15637.0
623,DAIHATSU,2020-04-01,15943.0
624,HONDA,2020-04-01,9245.0
625,SUZUKI,2020-04-01,9002.0
626,MITSUBISHI FUSO,2020-04-01,3359.0
627,HINO,2020-04-01,2531.0
628,WULING,2020-04-01,2099.0
629,ISUZU,2020-04-01,1802.0
630,DATSUN,2020-04-01,252.0
631,DFSK,2020-04-01,134.0
632,HYUNDAI (PC),2020-04-01,280.0
633,B M W,2020-04-01,143.0
634,UD TRUCK,2020-04-01,137.0
635,MERCEDES-BENZ PC,2020-04-01,
636,MINI,2020-04-01,1.0
637,NISSAN,2020-04-01,
638,RENAULT,2020-04-01,
639,FAW,2020-04-01,
640,VOLKSWAGEN,2020-04-01,
641,SCANIA,2020-04-01,
642,AUDI,2020-04-01,
643,BRAND,2020-04-01,
644,TOYOTA,2020-05-01,45406.0
645,MITSUBISHI MOTORS,2020-05-01,15375.0
646,DAIHATSU,2020-05-01,13967.0
647,HONDA,2020-05-01,10282.0
648,SUZUKI,2020-05-01,8723.0
649,MITSUBISHI FUSO,2020-05-01,2659.0
650,HINO,2020-05-01,2353.0
651,WULING,2020-05-01,1870.0
652,ISUZU,2020-05-01,1664.0
653,DATSUN,2020-05-01,360.0
654,DFSK,2020-05-01,280.0
655,HYUNDAI (PC),2020-05-01,78.0
656,B M W,2020-05-01,178.0
657,UD TRUCK,2020-05-01,116.0
658,MERCEDES-BENZ PC,2020-05-01,
659,MINI,2020-05-01,24.0
660,NISSAN,2020-05-01,
661,RENAULT,2020-05-01,7.0
662,FAW,2020-05-01,
663,VOLKSWAGEN,2020-05-01,
664,SCANIA,2020-05-01,
665,AUDI,2020-05-01,
666,BRAND,2020-05-01,
667,TOYOTA,2020-06-01,30351.0
668,MITSUBISHI MOTORS,2020-06-01,11431.0
669,DAIHATSU,2020-06-01,5921.0
670,HONDA,2020-06-01,7421.0
671,SUZUKI,2020-06-01,6414.0
672,MITSUBISHI FUSO,2020-06-01,2463.0
673,HINO,2020-06-01,1585.0
674,WULING,2020-06-01,1258.0
675,ISUZU,2020-06-01,1128.0
676,DATSUN,2020-06-01,276.0
677,DFSK,2020-06-01,424.0
678,HYUNDAI (PC),2020-06-01,289.0
679,B M W,2020-06-01,137.0
680,UD TRUCK,2020-06-01,76.0
681,MERCEDES-BENZ PC,2020-06-01,
682,MINI,2020-06-01,39.0
683,NISSAN,2020-06-01,
684,RENAULT,2020-06-01,
685,FAW,2020-06-01,
686,VOLKSWAGEN,2020-06-01,
687,SCANIA,2020-06-01,
688,AUDI,2020-06-01,
689,BRAND,2020-06-01,
690,TOYOTA,2020-07-01,49919.0
691,MITSUBISHI MOTORS,2020-07-01,19784.0
692,DAIHATSU,2020-07-01,12773.0
693,HONDA,2020-07-01,12632.0
694,SUZUKI,2020-07-01,12722.0
695,MITSUBISHI FUSO,2020-07-01,3767.0
696,HINO,2020-07-01,2719.0
697,WULING,2020-07-01,2092.0
698,ISUZU,2020-07-01,1682.0
699,DATSUN,2020-07-01,120.0
700,DFSK,2020-07-01,526.0
701,HYUNDAI (PC),2020-07-01,453.0
702,B M W,2020-07-01,196.0
703,UD TRUCK,2020-07-01,141.0
704,MERCEDES-BENZ PC,2020-07-01,
705,MINI,2020-07-01,32.0
706,NISSAN,2020-07-01,
707,RENAULT,2020-07-01,
708,FAW,2020-07-01,
709,VOLKSWAGEN,2020-07-01,
710,SCANIA,2020-07-01,
711,AUDI,2020-07-01,
712,BRAND,2020-07-01,
713,TOYOTA,2020-08-01,50024.0
714,MITSUBISHI MOTORS,2020-08-01,18581.0
715,DAIHATSU,2020-08-01,15246.0
716,HONDA,2020-08-01,11939.0
717,SUZUKI,2020-08-01,12159.0
718,MITSUBISHI FUSO,2020-08-01,3613.0
719,HINO,2020-08-01,2391.0
720,WULING,2020-08-01,2335.0
721,ISUZU,2020-08-01,1651.0
722,DATSUN,2020-08-01,336.0
723,DFSK,2020-08-01,641.0
724,HYUNDAI (PC),2020-08-01,401.0
725,B M W,2020-08-01,281.0
726,UD TRUCK,2020-08-01,89.0
727,MERCEDES-BENZ PC,2020-08-01,
728,MINI,2020-08-01,21.0
729,NISSAN,2020-08-01,
730,RENAULT,2020-08-01,
731,FAW,2020-08-01,
732,VOLKSWAGEN,2020-08-01,
733,SCANIA,2020-08-01,
734,AUDI,2020-08-01,
735,BRAND,2020-08-01,
736,TOYOTA,2020-09-01,48273.0
737,MITSUBISHI MOTORS,2020-09-01,18348.0
738,DAIHATSU,2020-09-01,17377.0
739,HONDA,2020-09-01,12065.0
740,SUZUKI,2020-09-01,12651.0
741,MITSUBISHI FUSO,2020-09-01,3399.0
742,HINO,2020-09-01,2278.0
743,WULING,2020-09-01,2949.0
744,ISUZU,2020-09-01,2029.0
745,DATSUN,2020-09-01,426.0
746,DFSK,2020-09-01,476.0
747,HYUNDAI (PC),2020-09-01,330.0
748,B M W,2020-09-01,242.0
749,UD TRUCK,2020-09-01,89.0
750,MERCEDES-BENZ PC,2020-09-01,
751,MINI,2020-09-01,26.0
752,NISSAN,2020-09-01,
753,RENAULT,2020-09-01,
754,FAW,2020-09-01,
755,VOLKSWAGEN,2020-09-01,
756,SCANIA,2020-09-01,
757,AUDI,2020-09-01,
758,BRAND,2020-09-01,
759,TOYOTA,2020-10-01,48412.0
760,MITSUBISHI MOTORS,2020-10-01,17475.0
761,DAIHATSU,2020-10-01,17391.0
762,HONDA,2020-10-01,14132.0
763,SUZUKI,2020-10-01,12626.0
764,MITSUBISHI FUSO,2020-10-01,3372.0
765,HINO,2020-10-01,2749.0
766,WULING,2020-10-01,2629.0
767,ISUZU,2020-10-01,2496.0
768,DATSUN,2020-10-01,504.0
769,DFSK,2020-10-01,492.0
770,HYUNDAI (PC),2020-10-01,317.0
771,B M W,2020-10-01,289.0
772,UD TRUCK,2020-10-01,83.0
773,MERCEDES-BENZ PC,2020-10-01,
774,MINI,2020-10-01,1.0
775,NISSAN,2020-10-01,
776,RENAULT,2020-10-01,
777,FAW,2020-10-01,
778,VOLKSWAGEN,2020-10-01,
779,SCANIA,2020-10-01,
780,AUDI,2020-10-01,
781,BRAND,2020-10-01,
782,TOYOTA,2020-11-01,42761.0
783,MITSUBISHI MOTORS,2020-11-01,15651.0
784,DAIHATSU,2020-11-01,15737.0
785,HONDA,2020-11-01,12967.0
786,SUZUKI,2020-11-01,12200.0
787,MITSUBISHI FUSO,2020-11-01,3444.0
788,HINO,2020-11-01,2635.0
789,WULING,2020-11-01,3039.0
790,ISUZU,2020-11-01,2727.0
791,DATSUN,2020-11-01,419.0
792,DFSK,2020-11-01,470.0
793,HYUNDAI (PC),2020-11-01,293.0
794,B M W,2020-11-01,258.0
795,UD TRUCK,2020-11-01,139.0
796,MERCEDES-BENZ PC,2020-11-01,200.0
797,MINI,2020-11-01,25.0
798,NISSAN,2020-11-01,
799,RENAULT,2020-11-01,
800,FAW,2020-11-01,
801,VOLKSWAGEN,2020-11-01,
802,SCANIA,2020-11-01,
803,AUDI,2020-11-01,
804,BRAND,2020-11-01,
805,TOYOTA,2020-12-01,39360.0
806,MITSUBISHI MOTORS,2020-12-01,10215.0
807,DAIHATSU,2020-12-01,10855.0
808,HONDA,2020-12-01,12327.0
809,SUZUKI,2020-12-01,12438.0
810,MITSUBISHI FUSO,2020-12-01,3936.0
811,HINO,2020-12-01,2828.0
812,WULING,2020-12-01,2992.0
813,ISUZU,2020-12-01,2151.0
814,DATSUN,2020-12-01,115.0
815,DFSK,2020-12-01,289.0
816,HYUNDAI (PC),2020-12-01,222.0
817,B M W,2020-12-01,222.0
818,UD TRUCK,2020-12-01,104.0
819,MERCEDES-BENZ PC,2020-12-01,218.0
820,MINI,2020-12-01,23.0
821,NISSAN,2020-12-01,
822,RENAULT,2020-12-01,
823,FAW,2020-12-01,
824,VOLKSWAGEN,2020-12-01,
825,SCANIA,2020-12-01,
826,AUDI,2020-12-01,
827,BRAND,2020-12-01,
828,DAIHATSU,2021-01-01,8478.0
829,TOYOTA,2021-01-01,6104.0
830,MITSUBISHI MOTORS,2021-01-01,4329.0
831,SUZUKI,2021-01-01,2743.0
832,HONDA,2021-01-01,
833,HYUNDAI (PC),2021-01-01,300.0
834,WULING,2021-01-01,6.0
835,HINO,2021-01-01,235.0
836,DFSK,2021-01-01,
837,HONDA,2021-01-01,35610.0
838,TOYOTA,2021-01-01,2870.0
839,SUZUKI,2021-01-01,3192.0
840,DFSK,2021-01-01,60.0
841,TOYOTA,2021-01-01,6491065.0
842,HONDA,2021-01-01,171390.0
843,HINO,2021-01-01,99712.0
844,SUZUKI,2021-01-01,116001.0
845,BRAND,2021-01-01,
846,DAIHATSU,2021-02-01,7531.0
847,TOYOTA,2021-02-01,6297.0
848,MITSUBISHI MOTORS,2021-02-01,5805.0
849,SUZUKI,2021-02-01,2816.0
850,HONDA,2021-02-01,6.0
851,HYUNDAI (PC),2021-02-01,421.0
852,WULING,2021-02-01,6.0
853,HINO,2021-02-01,85.0
854,DFSK,2021-02-01,
855,HONDA,2021-02-01,40260.0
856,TOYOTA,2021-02-01,2680.0
857,SUZUKI,2021-02-01,2304.0
858,DFSK,2021-02-01,15.0
859,TOYOTA,2021-02-01,6144310.0
860,HONDA,2021-02-01,137700.0
861,HINO,2021-02-01,92663.0
862,SUZUKI,2021-02-01,129871.0
863,BRAND,2021-02-01,
864,DAIHATSU,2021-03-01,10107.0
865,TOYOTA,2021-03-01,7392.0
866,MITSUBISHI MOTORS,2021-03-01,4641.0
867,SUZUKI,2021-03-01,2880.0
868,HONDA,2021-03-01,
869,HYUNDAI (PC),2021-03-01,270.0
870,WULING,2021-03-01,6.0
871,HINO,2021-03-01,185.0
872,DFSK,2021-03-01,4.0
873,HONDA,2021-03-01,39840.0
874,TOYOTA,2021-03-01,3760.0
875,SUZUKI,2021-03-01,3276.0
876,DFSK,2021-03-01,6.0
877,TOYOTA,2021-03-01,8418433.0
878,HONDA,2021-03-01,139530.0
879,HINO,2021-03-01,82573.0
880,SUZUKI,2021-03-01,121032.0
881,BRAND,2021-03-01,
882,DAIHATSU,2021-04-01,9133.0
883,TOYOTA,2021-04-01,5518.0
884,MITSUBISHI MOTORS,2021-04-01,2865.0
885,SUZUKI,2021-04-01,1641.0
886,HONDA,2021-04-01,721.0
887,HYUNDAI (PC),2021-04-01,300.0
888,WULING,2021-04-01,
889,HINO,2021-04-01,160.0
890,DFSK,2021-04-01,3.0
891,HONDA,2021-04-01,39060.0
892,TOYOTA,2021-04-01,3600.0
893,SUZUKI,2021-04-01,2472.0
894,DFSK,2021-04-01,51.0
895,TOYOTA,2021-04-01,7484357.0
896,HONDA,2021-04-01,193590.0
897,HINO,2021-04-01,98361.0
898,SUZUKI,2021-04-01,48555.0
899,BRAND,2021-04-01,
900,DAIHATSU,2021-05-01,11572.0
901,TOYOTA,2021-05-01,8476.0
902,MITSUBISHI MOTORS,2021-05-01,3926.0
903,SUZUKI,2021-05-01,1832.0
904,HONDA,2021-05-01,2070.0
905,HYUNDAI (PC),2021-05-01,56.0
906,WULING,2021-05-01,
907,HINO,2021-05-01,205.0
908,DFSK,2021-05-01,
909,HONDA,2021-05-01,48150.0
910,TOYOTA,2021-05-01,6810.0
911,SUZUKI,2021-05-01,3228.0
912,DFSK,2021-05-01,13.0
913,TOYOTA,2021-05-01,8249510.0
914,HONDA,2021-05-01,227670.0
915,HINO,2021-05-01,118430.0
916,SUZUKI,2021-05-01,106324.0
917,BRAND,2021-05-01,
918,DAIHATSU,2021-06-01,8363.0
919,TOYOTA,2021-06-01,5160.0
920,MITSUBISHI MOTORS,2021-06-01,2790.0
921,SUZUKI,2021-06-01,1111.0
922,HONDA,2021-06-01,900.0
923,HYUNDAI (PC),2021-06-01,184.0
924,WULING,2021-06-01,
925,HINO,2021-06-01,150.0
926,DFSK,2021-06-01,3.0
927,HONDA,2021-06-01,18930.0
928,TOYOTA,2021-06-01,4360.0
929,SUZUKI,2021-06-01,2256.0
930,DFSK,2021-06-01,1.0
931,TOYOTA,2021-06-01,4687332.0
932,HONDA,2021-06-01,73170.0
933,HINO,2021-06-01,89581.0
934,SUZUKI,2021-06-01,66142.0
935,BRAND,2021-06-01,
936,DAIHATSU,2021-07-01,11629.0
937,TOYOTA,2021-07-01,10260.0
938,MITSUBISHI MOTORS,2021-07-01,4336.0
939,SUZUKI,2021-07-01,4568.0
940,HONDA,2021-07-01,120.0
941,HYUNDAI (PC),2021-07-01,450.0
942,WULING,2021-07-01,
943,HINO,2021-07-01,275.0
944,DFSK,2021-07-01,
945,HONDA,2021-07-01,28230.0
946,TOYOTA,2021-07-01,5120.0
947,SUZUKI,2021-07-01,2976.0
948,DFSK,2021-07-01,33.0
949,TOYOTA,2021-07-01,4927659.0
950,HONDA,2021-07-01,245364.0
951,HINO,2021-07-01,98462.0
952,SUZUKI,2021-07-01,55841.0
953,BRAND,2021-07-01,
954,DAIHATSU,2021-08-01,13507.0
955,TOYOTA,2021-08-01,9718.0
956,MITSUBISHI MOTORS,2021-08-01,7265.0
957,SUZUKI,2021-08-01,4082.0
958,HONDA,2021-08-01,1170.0
959,HYUNDAI (PC),2021-08-01,330.0
960,WULING,2021-08-01,
961,HINO,2021-08-01,330.0
962,DFSK,2021-08-01,67.0
963,HONDA,2021-08-01,28260.0
964,TOYOTA,2021-08-01,4000.0
965,SUZUKI,2021-08-01,2352.0
966,DFSK,2021-08-01,36.0
967,TOYOTA,2021-08-01,5993756.0
968,HONDA,2021-08-01,170496.0
969,HINO,2021-08-01,93608.0
970,SUZUKI,2021-08-01,32258.0
971,BRAND,2021-08-01,
972,DAIHATSU,2021-09-01,11763.0
973,TOYOTA,2021-09-01,9074.0
974,MITSUBISHI MOTORS,2021-09-01,7207.0
975,SUZUKI,2021-09-01,4883.0
976,HONDA,2021-09-01,450.0
977,HYUNDAI (PC),2021-09-01,270.0
978,WULING,2021-09-01,770.0
979,HINO,2021-09-01,130.0
980,DFSK,2021-09-01,25.0
981,HONDA,2021-09-01,31380.0
982,TOYOTA,2021-09-01,3490.0
983,SUZUKI,2021-09-01,1344.0
984,DFSK,2021-09-01,37.0
985,TOYOTA,2021-09-01,6079290.0
986,HONDA,2021-09-01,235020.0
987,HINO,2021-09-01,93155.0
988,SUZUKI,2021-09-01,15573.0
989,BRAND,2021-09-01,
990,DAIHATSU,2021-10-01,10316.0
991,TOYOTA,2021-10-01,7969.0
992,MITSUBISHI MOTORS,2021-10-01,9763.0
993,SUZUKI,2021-10-01,5532.0
994,HONDA,2021-10-01,150.0
995,HYUNDAI (PC),2021-10-01,360.0
996,WULING,2021-10-01,724.0
997,HINO,2021-10-01,205.0
998,DFSK,2021-10-01,61.0
999,HONDA,2021-10-01,25350.0
1000,TOYOTA,2021-10-01,4520.0
1001,SUZUKI,2021-10-01,888.0
1002,DFSK,2021-10-01,2.0
1003,TOYOTA,2021-10-01,6230601.0
1004,HONDA,2021-10-01,161370.0
1005,HINO,2021-10-01,78785.0
1006,SUZUKI,2021-10-01,14162.0
1007,BRAND,2021-10-01,
1008,DAIHATSU,2021-11-01,10139.0
1009,TOYOTA,2021-11-01,7184.0
1010,MITSUBISHI MOTORS,2021-11-01,7793.0
1011,SUZUKI,2021-11-01,4543.0
1012,HONDA,2021-11-01,660.0
1013,HYUNDAI (PC),2021-11-01,240.0
1014,WULING,2021-11-01,605.0
1015,HINO,2021-11-01,195.0
1016,DFSK,2021-11-01,6.0
1017,HONDA,2021-11-01,23550.0
1018,TOYOTA,2021-11-01,3950.0
1019,SUZUKI,2021-11-01,1152.0
1020,DFSK,2021-11-01,39.0
1021,TOYOTA,2021-11-01,4520375.0
1022,HONDA,2021-11-01,435384.0
1023,HINO,2021-11-01,77794.0
1024,SUZUKI,2021-11-01,15831.0
1025,BRAND,2021-11-01,
1026,DAIHATSU,2021-12-01,10689.0
1027,TOYOTA,2021-12-01,6053.0
1028,MITSUBISHI MOTORS,2021-12-01,3994.0
1029,SUZUKI,2021-12-01,2982.0
1030,HONDA,2021-12-01,600.0
1031,HYUNDAI (PC),2021-12-01,60.0
1032,WULING,2021-12-01,579.0
1033,HINO,2021-12-01,155.0
1034,DFSK,2021-12-01,1.0
1035,HONDA,2021-12-01,19727.0
1036,TOYOTA,2021-12-01,60789.0
1037,SUZUKI,2021-12-01,1380.0
1038,DFSK,2021-12-01,16.0
1039,TOYOTA,2021-12-01,5759573.0
1040,HONDA,2021-12-01,312602.0
1041,HINO,2021-12-01,69473.0
1042,SUZUKI,2021-12-01,11570.0
1043,BRAND,2021-12-01,
1044,TOYOTA,2022-01-01,41261.0
1045,SUZUKI,2022-01-01,14361.0
1046,DAIHATSU,2022-01-01,14162.0
1047,MITSUBISHI MOTORS,2022-01-01,15853.0
1048,HONDA,2022-01-01,12902.0
1049,MITSUBISHI FUSO,2022-01-01,5037.0
1050,ISUZU,2022-01-01,2975.0
1051,HINO,2022-01-01,3104.0
1052,WULING,2022-01-01,1583.0
1053,B M  W,2022-01-01,219.0
1054,DFSK,2022-01-01,406.0
1055,MERCEDES-BENZ PC,2022-01-01,144.0
1056,HYUNDAI HIM,2022-01-01,197.0
1057,UD TRUCK,2022-01-01,31.0
1058,MERCEDES-BENZ CV,2022-01-01,151.0
1059,DATSUN,2022-01-01,271.0
1060,MINI,2022-01-01,1.0
1061,NISSAN,2022-01-01,
1062,FAW,2022-01-01,
1063,BRAND,2022-01-01,
1064,TOYOTA,2022-02-01,38730.0
1065,SUZUKI,2022-02-01,13634.0
1066,DAIHATSU,2022-02-01,15699.0
1067,MITSUBISHI MOTORS,2022-02-01,13110.0
1068,HONDA,2022-02-01,12309.0
1069,MITSUBISHI FUSO,2022-02-01,2676.0
1070,ISUZU,2022-02-01,2944.0
1071,HINO,2022-02-01,2696.0
1072,WULING,2022-02-01,1282.0
1073,B M  W,2022-02-01,200.0
1074,DFSK,2022-02-01,347.0
1075,MERCEDES-BENZ PC,2022-02-01,81.0
1076,HYUNDAI HIM,2022-02-01,163.0
1077,UD TRUCK,2022-02-01,60.0
1078,MERCEDES-BENZ CV,2022-02-01,72.0
1079,DATSUN,2022-02-01,11.0
1080,MINI,2022-02-01,20.0
1081,NISSAN,2022-02-01,
1082,FAW,2022-02-01,
1083,BRAND,2022-02-01,
1084,TOYOTA,2022-03-01,43222.0
1085,SUZUKI,2022-03-01,12644.0
1086,DAIHATSU,2022-03-01,17972.0
1087,MITSUBISHI MOTORS,2022-03-01,14065.0
1088,HONDA,2022-03-01,12306.0
1089,MITSUBISHI FUSO,2022-03-01,3408.0
1090,ISUZU,2022-03-01,2346.0
1091,HINO,2022-03-01,2587.0
1092,WULING,2022-03-01,2049.0
1093,B M  W,2022-03-01,145.0
1094,DFSK,2022-03-01,217.0
1095,MERCEDES-BENZ PC,2022-03-01,112.0
1096,HYUNDAI HIM,2022-03-01,45.0
1097,UD TRUCK,2022-03-01,63.0
1098,MERCEDES-BENZ CV,2022-03-01,69.0
1099,DATSUN,2022-03-01,
1100,MINI,2022-03-01,70.0
1101,NISSAN,2022-03-01,
1102,FAW,2022-03-01,
1103,BRAND,2022-03-01,
1104,TOYOTA,2022-04-01,8590.0
1105,SUZUKI,2022-04-01,2946.0
1106,DAIHATSU,2022-04-01,1330.0
1107,MITSUBISHI MOTORS,2022-04-01,2845.0
1108,HONDA,2022-04-01,3689.0
1109,MITSUBISHI FUSO,2022-04-01,18.0
1110,ISUZU,2022-04-01,438.0
1111,HINO,2022-04-01,990.0
1112,WULING,2022-04-01,374.0
1113,B M  W,2022-04-01,52.0
1114,DFSK,2022-04-01,55.0
1115,MERCEDES-BENZ PC,2022-04-01,
1116,HYUNDAI HIM,2022-04-01,77.0
1117,UD TRUCK,2022-04-01,22.0
1118,MERCEDES-BENZ CV,2022-04-01,6.0
1119,DATSUN,2022-04-01,
1120,MINI,2022-04-01,
1121,NISSAN,2022-04-01,
1122,FAW,2022-04-01,
1123,BRAND,2022-04-01,
1124,TOYOTA,2022-05-01,1357.0
1125,SUZUKI,2022-05-01,561.0
1126,DAIHATSU,2022-05-01,
1127,MITSUBISHI MOTORS,2022-05-01,
1128,HONDA,2022-05-01,52.0
1129,MITSUBISHI FUSO,2022-05-01,
1130,ISUZU,2022-05-01,174.0
1131,HINO,2022-05-01,254.0
1132,WULING,2022-05-01,
1133,B M  W,2022-05-01,
1134,DFSK,2022-05-01,94.0
1135,MERCEDES-BENZ PC,2022-05-01,
1136,HYUNDAI HIM,2022-05-01,7.0
1137,UD TRUCK,2022-05-01,
1138,MERCEDES-BENZ CV,2022-05-01,11.0
1139,DATSUN,2022-05-01,
1140,MINI,2022-05-01,
1141,NISSAN,2022-05-01,
1142,FAW,2022-05-01,
1143,BRAND,2022-05-01,
1144,TOYOTA,2022-06-01,12116.0
1145,SUZUKI,2022-06-01,3284.0
1146,DAIHATSU,2022-06-01,333.0
1147,MITSUBISHI MOTORS,2022-06-01,
1148,HONDA,2022-06-01,
1149,MITSUBISHI FUSO,2022-06-01,302.0
1150,ISUZU,2022-06-01,570.0
1151,HINO,2022-06-01,625.0
1152,WULING,2022-06-01,
1153,B M  W,2022-06-01,180.0
1154,DFSK,2022-06-01,
1155,MERCEDES-BENZ PC,2022-06-01,150.0
1156,HYUNDAI HIM,2022-06-01,62.0
1157,UD TRUCK,2022-06-01,36.0
1158,MERCEDES-BENZ CV,2022-06-01,25.0
1159,DATSUN,2022-06-01,
1160,MINI,2022-06-01,6.0
1161,NISSAN,2022-06-01,
1162,FAW,2022-06-01,
1163,BRAND,2022-06-01,
1164,TOYOTA,2022-07-01,11089.0
1165,SUZUKI,2022-07-01,6514.0
1166,DAIHATSU,2022-07-01,1553.0
1167,MITSUBISHI MOTORS,2022-07-01,2303.0
1168,HONDA,2022-07-01,126.0
1169,MITSUBISHI FUSO,2022-07-01,763.0
1170,ISUZU,2022-07-01,900.0
1171,HINO,2022-07-01,180.0
1172,WULING,2022-07-01,386.0
1173,B M  W,2022-07-01,175.0
1174,DFSK,2022-07-01,
1175,MERCEDES-BENZ PC,2022-07-01,167.0
1176,HYUNDAI HIM,2022-07-01,112.0
1177,UD TRUCK,2022-07-01,66.0
1178,MERCEDES-BENZ CV,2022-07-01,36.0
1179,DATSUN,2022-07-01,
1180,MINI,2022-07-01,43.0
1181,NISSAN,2022-07-01,
1182,FAW,2022-07-01,
1183,BRAND,2022-07-01,
1184,TOYOTA,2022-08-01,13166.0
1185,SUZUKI,2022-08-01,1273.0
1186,DAIHATSU,2022-08-01,6632.0
1187,MITSUBISHI MOTORS,2022-08-01,2947.0
1188,HONDA,2022-08-01,2282.0
1189,MITSUBISHI FUSO,2022-08-01,1570.0
1190,ISUZU,2022-08-01,1104.0
1191,HINO,2022-08-01,65.0
1192,WULING,2022-08-01,152.0
1193,B M  W,2022-08-01,98.0
1194,DFSK,2022-08-01,
1195,MERCEDES-BENZ PC,2022-08-01,146.0
1196,HYUNDAI HIM,2022-08-01,38.0
1197,UD TRUCK,2022-08-01,57.0
1198,MERCEDES-BENZ CV,2022-08-01,32.0
1199,DATSUN,2022-08-01,
1200,MINI,2022-08-01,22.0
1201,NISSAN,2022-08-01,
1202,FAW,2022-08-01,
1203,BRAND,2022-08-01,
1204,TOYOTA,2022-09-01,25465.0
1205,SUZUKI,2022-09-01,8666.0
1206,DAIHATSU,2022-09-01,11182.0
1207,MITSUBISHI MOTORS,2022-09-01,5922.0
1208,HONDA,2022-09-01,4846.0
1209,MITSUBISHI FUSO,2022-09-01,1678.0
1210,ISUZU,2022-09-01,1344.0
1211,HINO,2022-09-01,156.0
1212,WULING,2022-09-01,
1213,B M  W,2022-09-01,74.0
1214,DFSK,2022-09-01,
1215,MERCEDES-BENZ PC,2022-09-01,134.0
1216,HYUNDAI HIM,2022-09-01,30.0
1217,UD TRUCK,2022-09-01,34.0
1218,MERCEDES-BENZ CV,2022-09-01,36.0
1219,DATSUN,2022-09-01,
1220,MINI,2022-09-01,6.0
1221,NISSAN,2022-09-01,
1222,FAW,2022-09-01,
1223,BRAND,2022-09-01,
1224,TOYOTA,2022-10-01,28840.0
1225,SUZUKI,2022-10-01,8150.0
1226,DAIHATSU,2022-10-01,8281.0
1227,MITSUBISHI MOTORS,2022-10-01,9225.0
1228,HONDA,2022-10-01,7868.0
1229,MITSUBISHI FUSO,2022-10-01,1676.0
1230,ISUZU,2022-10-01,1752.0
1231,HINO,2022-10-01,180.0
1232,WULING,2022-10-01,230.0
1233,B M  W,2022-10-01,22.0
1234,DFSK,2022-10-01,
1235,MERCEDES-BENZ PC,2022-10-01,41.0
1236,HYUNDAI HIM,2022-10-01,17.0
1237,UD TRUCK,2022-10-01,66.0
1238,MERCEDES-BENZ CV,2022-10-01,19.0
1239,DATSUN,2022-10-01,
1240,MINI,2022-10-01,11.0
1241,NISSAN,2022-10-01,
1242,FAW,2022-10-01,
1243,BRAND,2022-10-01,
1244,TOYOTA,2022-11-01,31959.0
1245,SUZUKI,2022-11-01,10656.0
1246,DAIHATSU,2022-11-01,6716.0
1247,MITSUBISHI MOTORS,2022-11-01,9120.0
1248,HONDA,2022-11-01,7956.0
1249,MITSUBISHI FUSO,2022-11-01,2184.0
1250,ISUZU,2022-11-01,2022.0
1251,HINO,2022-11-01,645.0
1252,WULING,2022-11-01,843.0
1253,B M  W,2022-11-01,72.0
1254,DFSK,2022-11-01,
1255,MERCEDES-BENZ PC,2022-11-01,46.0
1256,HYUNDAI HIM,2022-11-01,105.0
1257,UD TRUCK,2022-11-01,49.0
1258,MERCEDES-BENZ CV,2022-11-01,
1259,DATSUN,2022-11-01,
1260,MINI,2022-11-01,13.0
1261,NISSAN,2022-11-01,
1262,FAW,2022-11-01,
1263,BRAND,2022-11-01,
1264,TOYOTA,2022-12-01,32575.0
1265,SUZUKI,2022-12-01,9105.0
1266,DAIHATSU,2022-12-01,6479.0
1267,MITSUBISHI MOTORS,2022-12-01,7068.0
1268,HONDA,2022-12-01,7116.0
1269,MITSUBISHI FUSO,2022-12-01,1896.0
1270,ISUZU,2022-12-01,2014.0
1271,HINO,2022-12-01,1171.0
1272,WULING,2022-12-01,454.0
1273,B M  W,2022-12-01,170.0
1274,DFSK,2022-12-01,
1275,MERCEDES-BENZ PC,2022-12-01,26.0
1276,HYUNDAI HIM,2022-12-01,124.0
1277,UD TRUCK,2022-12-01,
1278,MERCEDES-BENZ CV,2022-12-01,
1279,DATSUN,2022-12-01,
1280,MINI,2022-12-01,1.0
1281,NISSAN,2022-12-01,
1282,FAW,2022-12-01,
1283,BRAND,2022-12-01,
1284,DAIHATSU,2023-01-01,6423.0
1285,TOYOTA,2023-01-01,6099.0
1286,MITSUBISHI MOTORS,2023-01-01,1811.0
1287,SUZUKI,2023-01-01,3919.0
1288,HONDA,2023-01-01,720.0
1289,HINO,2023-01-01,125.0
1290,DFSK,2023-01-01,9.0
1291,HYUNDAI - HIM,2023-01-01,240.0
1292,WULING,2023-01-01,285.0
1293,TOYOTA,2023-01-01,3170.0
1294,SUZUKI,2023-01-01,696.0
1295,ISUZU,2023-01-01,792.0
1296,DFSK,2023-01-01,24.0
1297,TOYOTA,2023-01-01,4564357.0
1298,HONDA,2023-01-01,381348.0
1299,HINO,2023-01-01,97108.0
1300,SUZUKI,2023-01-01,8543.0
1301,BRAND,2023-01-01,
1302,DAIHATSU,2023-02-01,11010.0
1303,TOYOTA,2023-02-01,7717.0
1304,MITSUBISHI MOTORS,2023-02-01,6814.0
1305,SUZUKI,2023-02-01,4440.0
1306,HONDA,2023-02-01,720.0
1307,HINO,2023-02-01,95.0
1308,DFSK,2023-02-01,109.0
1309,HYUNDAI - HIM,2023-02-01,60.0
1310,WULING,2023-02-01,141.0
1311,TOYOTA,2023-02-01,3580.0
1312,SUZUKI,2023-02-01,1308.0
1313,ISUZU,2023-02-01,312.0
1314,DFSK,2023-02-01,13.0
1315,TOYOTA,2023-02-01,5216856.0
1316,HONDA,2023-02-01,478281.0
1317,HINO,2023-02-01,54606.0
1318,SUZUKI,2023-02-01,8649.0
1319,BRAND,2023-02-01,
1320,DAIHATSU,2023-03-01,8026.0
1321,TOYOTA,2023-03-01,6472.0
1322,MITSUBISHI MOTORS,2023-03-01,8441.0
1323,SUZUKI,2023-03-01,4214.0
1324,HONDA,2023-03-01,390.0
1325,HINO,2023-03-01,173.0
1326,DFSK,2023-03-01,3.0
1327,HYUNDAI - HIM,2023-03-01,120.0
1328,WULING,2023-03-01,
1329,TOYOTA,2023-03-01,4980.0
1330,SUZUKI,2023-03-01,828.0
1331,ISUZU,2023-03-01,288.0
1332,DFSK,2023-03-01,1.0
1333,TOYOTA,2023-03-01,6203141.0
1334,HONDA,2023-03-01,304942.0
1335,HINO,2023-03-01,57400.0
1336,SUZUKI,2023-03-01,9179.0
1337,BRAND,2023-03-01,
1338,DAIHATSU,2023-04-01,4800.0
1339,TOYOTA,2023-04-01,2878.0
1340,MITSUBISHI MOTORS,2023-04-01,1595.0
1341,SUZUKI,2023-04-01,1438.0
1342,HONDA,2023-04-01,300.0
1343,HINO,2023-04-01,47.0
1344,DFSK,2023-04-01,
1345,HYUNDAI - HIM,2023-04-01,40.0
1346,WULING,2023-04-01,56.0
1347,TOYOTA,2023-04-01,2790.0
1348,SUZUKI,2023-04-01,180.0
1349,ISUZU,2023-04-01,
1350,DFSK,2023-04-01,
1351,TOYOTA,2023-04-01,2647680.0
1352,HONDA,2023-04-01,251688.0
1353,HINO,2023-04-01,66785.0
1354,SUZUKI,2023-04-01,4217.0
1355,BRAND,2023-04-01,
1356,DAIHATSU,2023-05-01,2469.0
1357,TOYOTA,2023-05-01,2595.0
1358,MITSUBISHI MOTORS,2023-05-01,889.0
1359,SUZUKI,2023-05-01,468.0
1360,HONDA,2023-05-01,270.0
1361,HINO,2023-05-01,
1362,DFSK,2023-05-01,19.0
1363,HYUNDAI - HIM,2023-05-01,40.0
1364,WULING,2023-05-01,
1365,TOYOTA,2023-05-01,730.0
1366,SUZUKI,2023-05-01,
1367,ISUZU,2023-05-01,312.0
1368,DFSK,2023-05-01,1.0
1369,TOYOTA,2023-05-01,1755574.0
1370,HONDA,2023-05-01,430581.0
1371,HINO,2023-05-01,40002.0
1372,SUZUKI,2023-05-01,5374.0
1373,BRAND,2023-05-01,
1374,DAIHATSU,2023-06-01,3994.0
1375,TOYOTA,2023-06-01,3281.0
1376,MITSUBISHI MOTORS,2023-06-01,95.0
1377,SUZUKI,2023-06-01,1156.0
1378,HONDA,2023-06-01,
1379,HINO,2023-06-01,165.0
1380,DFSK,2023-06-01,48.0
1381,HYUNDAI - HIM,2023-06-01,10.0
1382,WULING,2023-06-01,
1383,TOYOTA,2023-06-01,1660.0
1384,SUZUKI,2023-06-01,372.0
1385,ISUZU,2023-06-01,
1386,DFSK,2023-06-01,
1387,TOYOTA,2023-06-01,2468811.0
1388,HONDA,2023-06-01,37830.0
1389,HINO,2023-06-01,41909.0
1390,SUZUKI,2023-06-01,4156.0
1391,BRAND,2023-06-01,
1392,DAIHATSU,2023-07-01,5673.0
1393,TOYOTA,2023-07-01,3644.0
1394,MITSUBISHI MOTORS,2023-07-01,1083.0
1395,SUZUKI,2023-07-01,4322.0
1396,HONDA,2023-07-01,
1397,HINO,2023-07-01,50.0
1398,DFSK,2023-07-01,92.0
1399,HYUNDAI - HIM,2023-07-01,30.0
1400,WULING,2023-07-01,
1401,TOYOTA,2023-07-01,1430.0
1402,SUZUKI,2023-07-01,708.0
1403,ISUZU,2023-07-01,1.0
1404,DFSK,2023-07-01,
1405,TOYOTA,2023-07-01,2555211.0
1406,HONDA,2023-07-01,84285.0
1407,HINO,2023-07-01,12971.0
1408,SUZUKI,2023-07-01,3095.0
1409,BRAND,2023-07-01,
1410,DAIHATSU,2023-08-01,4496.0
1411,TOYOTA,2023-08-01,2325.0
1412,MITSUBISHI MOTORS,2023-08-01,1803.0
1413,SUZUKI,2023-08-01,4352.0
1414,HONDA,2023-08-01,870.0
1415,HINO,2023-08-01,50.0
1416,DFSK,2023-08-01,232.0
1417,HYUNDAI - HIM,2023-08-01,90.0
1418,WULING,2023-08-01,
1419,TOYOTA,2023-08-01,3820.0
1420,SUZUKI,2023-08-01,780.0
1421,ISUZU,2023-08-01,289.0
1422,DFSK,2023-08-01,
1423,TOYOTA,2023-08-01,5298544.0
1424,HONDA,2023-08-01,157479.0
1425,HINO,2023-08-01,41546.0
1426,SUZUKI,2023-08-01,1900.0
1427,BRAND,2023-08-01,
1428,DAIHATSU,2023-09-01,9317.0
1429,TOYOTA,2023-09-01,3247.0
1430,MITSUBISHI MOTORS,2023-09-01,3599.0
1431,SUZUKI,2023-09-01,3880.0
1432,HONDA,2023-09-01,840.0
1433,HINO,2023-09-01,40.0
1434,DFSK,2023-09-01,118.0
1435,HYUNDAI - HIM,2023-09-01,
1436,WULING,2023-09-01,
1437,TOYOTA,2023-09-01,5280.0
1438,SUZUKI,2023-09-01,780.0
1439,ISUZU,2023-09-01,360.0
1440,DFSK,2023-09-01,90.0
1441,TOYOTA,2023-09-01,6752772.0
1442,HONDA,2023-09-01,225009.0
1443,HINO,2023-09-01,82366.0
1444,SUZUKI,2023-09-01,8054.0
1445,BRAND,2023-09-01,
1446,DAIHATSU,2023-10-01,11532.0
1447,TOYOTA,2023-10-01,3873.0
1448,MITSUBISHI MOTORS,2023-10-01,6279.0
1449,SUZUKI,2023-10-01,3566.0
1450,HONDA,2023-10-01,420.0
1451,HINO,2023-10-01,
1452,DFSK,2023-10-01,49.0
1453,HYUNDAI - HIM,2023-10-01,
1454,WULING,2023-10-01,
1455,TOYOTA,2023-10-01,4900.0
1456,SUZUKI,2023-10-01,624.0
1457,ISUZU,2023-10-01,336.0
1458,DFSK,2023-10-01,
1459,TOYOTA,2023-10-01,6193306.0
1460,HONDA,2023-10-01,296042.0
1461,HINO,2023-10-01,105712.0
1462,SUZUKI,2023-10-01,10912.0
1463,BRAND,2023-10-01,
1464,DAIHATSU,2023-11-01,11172.0
1465,TOYOTA,2023-11-01,5715.0
1466,MITSUBISHI MOTORS,2023-11-01,4434.0
1467,SUZUKI,2023-11-01,3501.0
1468,HONDA,2023-11-01,600.0
1469,HINO,2023-11-01,55.0
1470,DFSK,2023-11-01,16.0
1471,HYUNDAI - HIM,2023-11-01,30.0
1472,WULING,2023-11-01,61.0
1473,TOYOTA,2023-11-01,3990.0
1474,SUZUKI,2023-11-01,456.0
1475,ISUZU,2023-11-01,336.0
1476,DFSK,2023-11-01,75.0
1477,TOYOTA,2023-11-01,6315696.0
1478,HONDA,2023-11-01,333640.0
1479,HINO,2023-11-01,53070.0
1480,SUZUKI,2023-11-01,9972.0
1481,BRAND,2023-11-01,
1482,DAIHATSU,2023-12-01,12560.0
1483,TOYOTA,2023-12-01,5882.0
1484,MITSUBISHI MOTORS,2023-12-01,3746.0
1485,SUZUKI,2023-12-01,2144.0
1486,HONDA,2023-12-01,840.0
1487,HINO,2023-12-01,65.0
1488,DFSK,2023-12-01,95.0
1489,HYUNDAI - HIM,2023-12-01,90.0
1490,WULING,2023-12-01,68.0
1491,TOYOTA,2023-12-01,4560.0
1492,SUZUKI,2023-12-01,1056.0
1493,ISUZU,2023-12-01,528.0
1494,DFSK,2023-12-01,100.0
1495,TOYOTA,2023-12-01,
1496,HONDA,2023-12-01,320562.0
1497,HINO,2023-12-01,80198.0
1498,SUZUKI,2023-12-01,22473.0
1499,BRAND,2023-12-01,
1500,TOYOTA,2024-01-01,48414.0
1501,DAIHATSU,2024-01-01,18095.0
1502,MITSUBISHI MOTORS,2024-01-01,14006.0
1503,SUZUKI,2024-01-01,11926.0
1504,HONDA,2024-01-01,10318.0
1505,HYUNDAI - HMMI,2024-01-01,1900.0
1506,ISUZU,2024-01-01,4350.0
1507,MITSUBISHI FUSO,2024-01-01,4520.0
1508,HINO,2024-01-01,2201.0
1509,WULING,2024-01-01,2755.0
1510,DFSK,2024-01-01,270.0
1511,MERCEDES-BENZ PC,2024-01-01,145.0
1512,B M W,2024-01-01,189.0
1513,UD TRUCK,2024-01-01,171.0
1514,MERCEDES-BENZ CV,2024-01-01,128.0
1515,HYUNDAI HIM,2024-01-01,
1516,MINI,2024-01-01,44.0
1517,DATSUN,2024-01-01,
1518,BRAND,2024-01-01,
1519,TOYOTA,2024-02-01,46145.0
1520,DAIHATSU,2024-02-01,15037.0
1521,MITSUBISHI MOTORS,2024-02-01,13801.0
1522,SUZUKI,2024-02-01,11259.0
1523,HONDA,2024-02-01,12066.0
1524,HYUNDAI - HMMI,2024-02-01,4403.0
1525,ISUZU,2024-02-01,4200.0
1526,MITSUBISHI FUSO,2024-02-01,2935.0
1527,HINO,2024-02-01,1800.0
1528,WULING,2024-02-01,2302.0
1529,DFSK,2024-02-01,350.0
1530,MERCEDES-BENZ PC,2024-02-01,138.0
1531,B M W,2024-02-01,236.0
1532,UD TRUCK,2024-02-01,157.0
1533,MERCEDES-BENZ CV,2024-02-01,101.0
1534,HYUNDAI HIM,2024-02-01,
1535,MINI,2024-02-01,40.0
1536,DATSUN,2024-02-01,
1537,BRAND,2024-02-01,
1538,TOYOTA,2024-03-01,59156.0
1539,DAIHATSU,2024-03-01,17464.0
1540,MITSUBISHI MOTORS,2024-03-01,14652.0
1541,SUZUKI,2024-03-01,14160.0
1542,HONDA,2024-03-01,12441.0
1543,HYUNDAI - HMMI,2024-03-01,4700.0
1544,ISUZU,2024-03-01,4004.0
1545,MITSUBISHI FUSO,2024-03-01,4289.0
1546,HINO,2024-03-01,2224.0
1547,WULING,2024-03-01,2754.0
1548,DFSK,2024-03-01,397.0
1549,MERCEDES-BENZ PC,2024-03-01,180.0
1550,B M W,2024-03-01,182.0
1551,UD TRUCK,2024-03-01,185.0
1552,MERCEDES-BENZ CV,2024-03-01,93.0
1553,HYUNDAI HIM,2024-03-01,83.0
1554,MINI,2024-03-01,24.0
1555,DATSUN,2024-03-01,
1556,BRAND,2024-03-01,
1557,TOYOTA,2024-04-01,47033.0
1558,DAIHATSU,2024-04-01,15539.0
1559,MITSUBISHI MOTORS,2024-04-01,4610.0
1560,SUZUKI,2024-04-01,10341.0
1561,HONDA,2024-04-01,9863.0
1562,HYUNDAI - HMMI,2024-04-01,4400.0
1563,ISUZU,2024-04-01,2582.0
1564,MITSUBISHI FUSO,2024-04-01,942.0
1565,HINO,2024-04-01,2461.0
1566,WULING,2024-04-01,2084.0
1567,DFSK,2024-04-01,60.0
1568,MERCEDES-BENZ PC,2024-04-01,180.0
1569,B M W,2024-04-01,172.0
1570,UD TRUCK,2024-04-01,56.0
1571,MERCEDES-BENZ CV,2024-04-01,68.0
1572,HYUNDAI HIM,2024-04-01,126.0
1573,MINI,2024-04-01,28.0
1574,DATSUN,2024-04-01,
1575,BRAND,2024-04-01,
1576,TOYOTA,2024-05-01,26952.0
1577,DAIHATSU,2024-05-01,6978.0
1578,MITSUBISHI MOTORS,2024-05-01,6960.0
1579,SUZUKI,2024-05-01,10118.0
1580,HONDA,2024-05-01,8145.0
1581,HYUNDAI - HMMI,2024-05-01,4479.0
1582,ISUZU,2024-05-01,2161.0
1583,MITSUBISHI FUSO,2024-05-01,2014.0
1584,HINO,2024-05-01,2127.0
1585,WULING,2024-05-01,1553.0
1586,DFSK,2024-05-01,200.0
1587,MERCEDES-BENZ PC,2024-05-01,140.0
1588,B M W,2024-05-01,180.0
1589,UD TRUCK,2024-05-01,42.0
1590,MERCEDES-BENZ CV,2024-05-01,69.0
1591,HYUNDAI HIM,2024-05-01,83.0
1592,MINI,2024-05-01,20.0
1593,DATSUN,2024-05-01,
1594,BRAND,2024-05-01,
1595,TOYOTA,2024-06-01,49489.0
1596,DAIHATSU,2024-06-01,16827.0
1597,MITSUBISHI MOTORS,2024-06-01,12342.0
1598,SUZUKI,2024-06-01,13641.0
1599,HONDA,2024-06-01,9013.0
1600,HYUNDAI - HMMI,2024-06-01,6036.0
1601,ISUZU,2024-06-01,3600.0
1602,MITSUBISHI FUSO,2024-06-01,2494.0
1603,HINO,2024-06-01,3083.0
1604,WULING,2024-06-01,1237.0
1605,DFSK,2024-06-01,250.0
1606,MERCEDES-BENZ PC,2024-06-01,294.0
1607,B M W,2024-06-01,257.0
1608,UD TRUCK,2024-06-01,26.0
1609,MERCEDES-BENZ CV,2024-06-01,39.0
1610,HYUNDAI HIM,2024-06-01,108.0
1611,MINI,2024-06-01,28.0
1612,DATSUN,2024-06-01,
1613,BRAND,2024-06-01,
1614,TOYOTA,2024-07-01,47740.0
1615,DAIHATSU,2024-07-01,15875.0
1616,MITSUBISHI MOTORS,2024-07-01,15908.0
1617,SUZUKI,2024-07-01,11927.0
1618,HONDA,2024-07-01,9233.0
1619,HYUNDAI - HMMI,2024-07-01,6015.0
1620,ISUZU,2024-07-01,3749.0
1621,MITSUBISHI FUSO,2024-07-01,3180.0
1622,HINO,2024-07-01,3039.0
1623,WULING,2024-07-01,929.0
1624,DFSK,2024-07-01,265.0
1625,MERCEDES-BENZ PC,2024-07-01,301.0
1626,B M W,2024-07-01,228.0
1627,UD TRUCK,2024-07-01,
1628,MERCEDES-BENZ CV,2024-07-01,42.0
1629,HYUNDAI HIM,2024-07-01,80.0
1630,MINI,2024-07-01,22.0
1631,DATSUN,2024-07-01,
1632,BRAND,2024-07-01,
1633,TOYOTA,2024-08-01,56488.0
1634,DAIHATSU,2024-08-01,15211.0
1635,MITSUBISHI MOTORS,2024-08-01,16422.0
1636,SUZUKI,2024-08-01,12947.0
1637,HONDA,2024-08-01,10579.0
1638,HYUNDAI - HMMI,2024-08-01,12010.0
1639,ISUZU,2024-08-01,4009.0
1640,MITSUBISHI FUSO,2024-08-01,4056.0
1641,HINO,2024-08-01,3073.0
1642,WULING,2024-08-01,2927.0
1643,DFSK,2024-08-01,300.0
1644,MERCEDES-BENZ PC,2024-08-01,300.0
1645,B M W,2024-08-01,289.0
1646,UD TRUCK,2024-08-01,144.0
1647,MERCEDES-BENZ CV,2024-08-01,75.0
1648,HYUNDAI HIM,2024-08-01,20.0
1649,MINI,2024-08-01,41.0
1650,DATSUN,2024-08-01,
1651,BRAND,2024-08-01,
1652,TOYOTA,2024-09-01,59372.0
1653,DAIHATSU,2024-09-01,18602.0
1654,MITSUBISHI MOTORS,2024-09-01,14967.0
1655,SUZUKI,2024-09-01,11055.0
1656,HONDA,2024-09-01,13300.0
1657,HYUNDAI - HMMI,2024-09-01,12230.0
1658,ISUZU,2024-09-01,4158.0
1659,MITSUBISHI FUSO,2024-09-01,3876.0
1660,HINO,2024-09-01,3259.0
1661,WULING,2024-09-01,3193.0
1662,DFSK,2024-09-01,150.0
1663,MERCEDES-BENZ PC,2024-09-01,296.0
1664,B M W,2024-09-01,184.0
1665,UD TRUCK,2024-09-01,191.0
1666,MERCEDES-BENZ CV,2024-09-01,99.0
1667,HYUNDAI HIM,2024-09-01,20.0
1668,MINI,2024-09-01,6.0
1669,DATSUN,2024-09-01,
1670,BRAND,2024-09-01,
1671,TOYOTA,2024-10-01,59012.0
1672,DAIHATSU,2024-10-01,17290.0
1673,MITSUBISHI MOTORS,2024-10-01,12383.0
1674,SUZUKI,2024-10-01,11230.0
1675,HONDA,2024-10-01,10185.0
1676,HYUNDAI - HMMI,2024-10-01,10063.0
1677,ISUZU,2024-10-01,4002.0
1678,MITSUBISHI FUSO,2024-10-01,3372.0
1679,HINO,2024-10-01,3278.0
1680,WULING,2024-10-01,3633.0
1681,DFSK,2024-10-01,200.0
1682,MERCEDES-BENZ PC,2024-10-01,213.0
1683,B M W,2024-10-01,172.0
1684,UD TRUCK,2024-10-01,207.0
1685,MERCEDES-BENZ CV,2024-10-01,186.0
1686,HYUNDAI HIM,2024-10-01,68.0
1687,MINI,2024-10-01,48.0
1688,DATSUN,2024-10-01,
1689,BRAND,2024-10-01,
1690,TOYOTA,2024-11-01,49184.0
1691,DAIHATSU,2024-11-01,20915.0
1692,MITSUBISHI MOTORS,2024-11-01,15484.0
1693,SUZUKI,2024-11-01,12041.0
1694,HONDA,2024-11-01,12629.0
1695,HYUNDAI - HMMI,2024-11-01,9840.0
1696,ISUZU,2024-11-01,4062.0
1697,MITSUBISHI FUSO,2024-11-01,3312.0
1698,HINO,2024-11-01,3354.0
1699,WULING,2024-11-01,3268.0
1700,DFSK,2024-11-01,150.0
1701,MERCEDES-BENZ PC,2024-11-01,273.0
1702,B M W,2024-11-01,176.0
1703,UD TRUCK,2024-11-01,210.0
1704,MERCEDES-BENZ CV,2024-11-01,168.0
1705,HYUNDAI HIM,2024-11-01,11.0
1706,MINI,2024-11-01,24.0
1707,DATSUN,2024-11-01,
1708,BRAND,2024-11-01,
1709,TOYOTA,2024-12-01,53434.0
1710,DAIHATSU,2024-12-01,24125.0
1711,MITSUBISHI MOTORS,2024-12-01,11567.0
1712,SUZUKI,2024-12-01,10590.0
1713,HONDA,2024-12-01,13326.0
1714,HYUNDAI - HMMI,2024-12-01,6340.0
1715,ISUZU,2024-12-01,3817.0
1716,MITSUBISHI FUSO,2024-12-01,3324.0
1717,HINO,2024-12-01,2671.0
1718,WULING,2024-12-01,3806.0
1719,DFSK,2024-12-01,307.0
1720,MERCEDES-BENZ PC,2024-12-01,284.0
1721,B M W,2024-12-01,197.0
1722,UD TRUCK,2024-12-01,154.0
1723,MERCEDES-BENZ CV,2024-12-01,119.0
1724,HYUNDAI HIM,2024-12-01,117.0
1725,MINI,2024-12-01,23.0
1726,DATSUN,2024-12-01,
1727,BRAND,2024-12-01,
1728,DAIHATSU,2025-01-01,12172.0
1729,TOYOTA,2025-01-01,6747.0
1730,MITSUBISHI MOTORS,2025-01-01,1919.0
1731,SUZUKI,2025-01-01,3224.0
1732,HYUNDAI - HMMI,2025-01-01,
1733,HONDA,2025-01-01,330.0
1734,ISUZU,2025-01-01,520.0
1735,HINO,2025-01-01,105.0
1736,HYUNDAI - HIM,2025-01-01,
1737,DFSK,2025-01-01,
1738,WULING,2025-01-01,7.0
1739,TOYOTA,2025-01-01,3850.0
1740,MITSUBISHI MOTORS,2025-01-01,600.0
1741,SUZUKI,2025-01-01,1824.0
1742,DFSK,2025-01-01,85.0
1743,WULING,2025-01-01,
1744,ISUZU,2025-01-01,
1745,TOYOTA,2025-01-01,7594446.0
1746,HONDA,2025-01-01,1322607.0
1747,HINO,2025-01-01,141394.0
1748,SUZUKI,2025-01-01,12046.0
1749,BRAND,2025-01-01,
1750,DAIHATSU,2025-02-01,11387.0
1751,TOYOTA,2025-02-01,11632.0
1752,MITSUBISHI MOTORS,2025-02-01,2180.0
1753,SUZUKI,2025-02-01,4137.0
1754,HYUNDAI - HMMI,2025-02-01,853.0
1755,HONDA,2025-02-01,330.0
1756,ISUZU,2025-02-01,446.0
1757,HINO,2025-02-01,45.0
1758,HYUNDAI - HIM,2025-02-01,
1759,DFSK,2025-02-01,13.0
1760,WULING,2025-02-01,
1761,TOYOTA,2025-02-01,1250.0
1762,MITSUBISHI MOTORS,2025-02-01,1770.0
1763,SUZUKI,2025-02-01,2880.0
1764,DFSK,2025-02-01,249.0
1765,WULING,2025-02-01,30.0
1766,ISUZU,2025-02-01,
1767,TOYOTA,2025-02-01,4321450.0
1768,HONDA,2025-02-01,944034.0
1769,HINO,2025-02-01,166133.0
1770,SUZUKI,2025-02-01,12844.0
1771,BRAND,2025-02-01,
1772,DAIHATSU,2025-03-01,13874.0
1773,TOYOTA,2025-03-01,13936.0
1774,MITSUBISHI MOTORS,2025-03-01,4130.0
1775,SUZUKI,2025-03-01,4551.0
1776,HYUNDAI - HMMI,2025-03-01,1946.0
1777,HONDA,2025-03-01,450.0
1778,ISUZU,2025-03-01,672.0
1779,HINO,2025-03-01,
1780,HYUNDAI - HIM,2025-03-01,34.0
1781,DFSK,2025-03-01,80.0
1782,WULING,2025-03-01,
1783,TOYOTA,2025-03-01,4050.0
1784,MITSUBISHI MOTORS,2025-03-01,1350.0
1785,SUZUKI,2025-03-01,3072.0
1786,DFSK,2025-03-01,60.0
1787,WULING,2025-03-01,
1788,ISUZU,2025-03-01,
1789,TOYOTA,2025-03-01,9636974.0
1790,HONDA,2025-03-01,1267295.0
1791,HINO,2025-03-01,151591.0
1792,SUZUKI,2025-03-01,14136.0
1793,BRAND,2025-03-01,
1794,DAIHATSU,2025-04-01,12022.0
1795,TOYOTA,2025-04-01,13886.0
1796,MITSUBISHI MOTORS,2025-04-01,2482.0
1797,SUZUKI,2025-04-01,4024.0
1798,HYUNDAI - HMMI,2025-04-01,2611.0
1799,HONDA,2025-04-01,330.0
1800,ISUZU,2025-04-01,690.0
1801,HINO,2025-04-01,15.0
1802,HYUNDAI - HIM,2025-04-01,120.0
1803,DFSK,2025-04-01,31.0
1804,WULING,2025-04-01,
1805,TOYOTA,2025-04-01,5320.0
1806,MITSUBISHI MOTORS,2025-04-01,2820.0
1807,SUZUKI,2025-04-01,2064.0
1808,DFSK,2025-04-01,39.0
1809,WULING,2025-04-01,
1810,ISUZU,2025-04-01,
1811,TOYOTA,2025-04-01,12053697.0
1812,HONDA,2025-04-01,1073604.0
1813,HINO,2025-04-01,214799.0
1814,SUZUKI,2025-04-01,13351.0
1815,BRAND,2025-04-01,
1816,DAIHATSU,2025-05-01,9265.0
1817,TOYOTA,2025-05-01,6369.0
1818,MITSUBISHI MOTORS,2025-05-01,2360.0
1819,SUZUKI,2025-05-01,4282.0
1820,HYUNDAI - HMMI,2025-05-01,3099.0
1821,HONDA,2025-05-01,300.0
1822,ISUZU,2025-05-01,503.0
1823,HINO,2025-05-01,44.0
1824,HYUNDAI - HIM,2025-05-01,90.0
1825,DFSK,2025-05-01,116.0
1826,WULING,2025-05-01,
1827,TOYOTA,2025-05-01,3840.0
1828,MITSUBISHI MOTORS,2025-05-01,3630.0
1829,SUZUKI,2025-05-01,2064.0
1830,DFSK,2025-05-01,
1831,WULING,2025-05-01,
1832,ISUZU,2025-05-01,
1833,TOYOTA,2025-05-01,10841409.0
1834,HONDA,2025-05-01,674271.0
1835,HINO,2025-05-01,151392.0
1836,SUZUKI,2025-05-01,10911.0
1837,BRAND,2025-05-01,
1838,DAIHATSU,2025-06-01,10443.0
1839,TOYOTA,2025-06-01,12072.0
1840,MITSUBISHI MOTORS,2025-06-01,7248.0
1841,SUZUKI,2025-06-01,4541.0
1842,HYUNDAI - HMMI,2025-06-01,4043.0
1843,HONDA,2025-06-01,600.0
1844,ISUZU,2025-06-01,684.0
1845,HINO,2025-06-01,193.0
1846,HYUNDAI - HIM,2025-06-01,120.0
1847,DFSK,2025-06-01,8.0
1848,WULING,2025-06-01,
1849,TOYOTA,2025-06-01,4480.0
1850,MITSUBISHI MOTORS,2025-06-01,4800.0
1851,SUZUKI,2025-06-01,1824.0
1852,DFSK,2025-06-01,18.0
1853,WULING,2025-06-01,
1854,ISUZU,2025-06-01,
1855,TOYOTA,2025-06-01,8984065.0
1856,HONDA,2025-06-01,867219.0
1857,HINO,2025-06-01,411086.0
1858,SUZUKI,2025-06-01,8248.0
1859,BRAND,2025-06-01,
1860,DAIHATSU,2025-07-01,12666.0
1861,TOYOTA,2025-07-01,11864.0
1862,MITSUBISHI MOTORS,2025-07-01,8457.0
1863,SUZUKI,2025-07-01,4153.0
1864,HYUNDAI - HMMI,2025-07-01,5165.0
1865,HONDA,2025-07-01,840.0
1866,ISUZU,2025-07-01,577.0
1867,HINO,2025-07-01,52.0
1868,HYUNDAI - HIM,2025-07-01,120.0
1869,DFSK,2025-07-01,20.0
1870,WULING,2025-07-01,
1871,TOYOTA,2025-07-01,2600.0
1872,MITSUBISHI MOTORS,2025-07-01,5640.0
1873,SUZUKI,2025-07-01,1104.0
1874,DFSK,2025-07-01,
1875,WULING,2025-07-01,
1876,ISUZU,2025-07-01,
1877,TOYOTA,2025-07-01,14125841.0
1878,HONDA,2025-07-01,1068252.0
1879,HINO,2025-07-01,319843.0
1880,SUZUKI,2025-07-01,14446.0
1881,BRAND,2025-07-01,
1882,DAIHATSU,2025-08-01,14441.0
1883,TOYOTA,2025-08-01,12201.0
1884,MITSUBISHI MOTORS,2025-08-01,6560.0
1885,SUZUKI,2025-08-01,3411.0
1886,HYUNDAI - HMMI,2025-08-01,5413.0
1887,HONDA,2025-08-01,630.0
1888,ISUZU,2025-08-01,972.0
1889,HINO,2025-08-01,80.0
1890,HYUNDAI - HIM,2025-08-01,
1891,DFSK,2025-08-01,
1892,WULING,2025-08-01,
1893,TOYOTA,2025-08-01,2880.0
1894,MITSUBISHI MOTORS,2025-08-01,4740.0
1895,SUZUKI,2025-08-01,240.0
1896,DFSK,2025-08-01,9.0
1897,WULING,2025-08-01,
1898,ISUZU,2025-08-01,
1899,TOYOTA,2025-08-01,32789174.0
1900,HONDA,2025-08-01,1409775.0
1901,HINO,2025-08-01,356271.0
1902,SUZUKI,2025-08-01,9305.0
1903,BRAND,2025-08-01,
1904,DAIHATSU,2025-09-01,15406.0
1905,TOYOTA,2025-09-01,11587.0
1906,MITSUBISHI MOTORS,2025-09-01,8917.0
1907,SUZUKI,2025-09-01,4281.0
1908,HYUNDAI - HMMI,2025-09-01,6656.0
1909,HONDA,2025-09-01,630.0
1910,ISUZU,2025-09-01,888.0
1911,HINO,2025-09-01,185.0
1912,HYUNDAI - HIM,2025-09-01,20.0
1913,DFSK,2025-09-01,24.0
1914,WULING,2025-09-01,3.0
1915,TOYOTA,2025-09-01,1340.0
1916,MITSUBISHI MOTORS,2025-09-01,4320.0
1917,SUZUKI,2025-09-01,96.0
1918,DFSK,2025-09-01,
1919,WULING,2025-09-01,
1920,ISUZU,2025-09-01,
1921,TOYOTA,2025-09-01,9701079.0
1922,HONDA,2025-09-01,1429177.0
1923,HINO,2025-09-01,382794.0
1924,SUZUKI,2025-09-01,4743.0
1925,BRAND,2025-09-01,
1926,DAIHATSU,2025-10-01,18584.0
1927,TOYOTA,2025-10-01,12214.0
1928,MITSUBISHI MOTORS,2025-10-01,8154.0
1929,SUZUKI,2025-10-01,4728.0
1930,HYUNDAI - HMMI,2025-10-01,4915.0
1931,HONDA,2025-10-01,1020.0
1932,ISUZU,2025-10-01,370.0
1933,HINO,2025-10-01,50.0
1934,HYUNDAI - HIM,2025-10-01,20.0
1935,DFSK,2025-10-01,3.0
1936,WULING,2025-10-01,4.0
1937,TOYOTA,2025-10-01,4270.0
1938,MITSUBISHI MOTORS,2025-10-01,3450.0
1939,SUZUKI,2025-10-01,
1940,DFSK,2025-10-01,
1941,WULING,2025-10-01,
1942,ISUZU,2025-10-01,
1943,TOYOTA,2025-10-01,13651330.0
1944,HONDA,2025-10-01,628932.0
1945,HINO,2025-10-01,288964.0
1946,SUZUKI,2025-10-01,3464.0
1947,BRAND,2025-10-01,
1948,DAIHATSU,2025-11-01,13265.0
1949,TOYOTA,2025-11-01,11504.0
1950,MITSUBISHI MOTORS,2025-11-01,4351.0
1951,SUZUKI,2025-11-01,3376.0
1952,HYUNDAI - HMMI,2025-11-01,3964.0
1953,HONDA,2025-11-01,1180.0
1954,ISUZU,2025-11-01,1106.0
1955,HINO,2025-11-01,135.0
1956,HYUNDAI - HIM,2025-11-01,80.0
1957,DFSK,2025-11-01,49.0
1958,WULING,2025-11-01,4.0
1959,TOYOTA,2025-11-01,5200.0
1960,MITSUBISHI MOTORS,2025-11-01,2820.0
1961,SUZUKI,2025-11-01,88.0
1962,DFSK,2025-11-01,
1963,WULING,2025-11-01,
1964,ISUZU,2025-11-01,
1965,TOYOTA,2025-11-01,16552111.0
1966,HONDA,2025-11-01,252780.0
1967,HINO,2025-11-01,108108.0
1968,SUZUKI,2025-11-01,754.0
1969,BRAND,2025-11-01,
1970,DAIHATSU,2025-12-01,16729.0
1971,TOYOTA,2025-12-01,10942.0
1972,MITSUBISHI MOTORS,2025-12-01,8985.0
1973,SUZUKI,2025-12-01,6250.0
1974,HYUNDAI - HMMI,2025-12-01,3779.0
1975,HONDA,2025-12-01,2390.0
1976,ISUZU,2025-12-01,826.0
1977,HINO,2025-12-01,35.0
1978,HYUNDAI - HIM,2025-12-01,60.0
1979,DFSK,2025-12-01,
1980,WULING,2025-12-01,
1981,TOYOTA,2025-12-01,2340.0
1982,MITSUBISHI MOTORS,2025-12-01,3330.0
1983,SUZUKI,2025-12-01,96.0
1984,DFSK,2025-12-01,9.0
1985,WULING,2025-12-01,
1986,ISUZU,2025-12-01,
1987,TOYOTA,2025-12-01,12099130.0
1988,HONDA,2025-12-01,320070.0
1989,HINO,2025-12-01,431274.0
1990,SUZUKI,2025-12-01,3222.0
1991,BRAND,2025-12-01,
